mutation, x, y, z
moderna, -0.102735, -0.096048, 
pfizer, 0.0727485, -0.205737, 
chadox1, 0.187885, -0.218717, 
l18f, 0.112717, 0.116432, 
69-70d, 0.10568, 0.112783, 
d80a, -0.118665, 0.0836434, 
144d, -0.0183683, 0.216843, 
d215g, -0.0113291, 0.206932, 
242-244d, 0.442219, 0.101187, 
r246i, 0.315943, -0.0371833, 
k417n, 0.186421, -0.0267687, 
e484k, 0.0547123, 0.930787, 
n501y, -0.30917, 0.0294863, 
a570d, -0.0779016, -0.123536, 
p681h, 0.0820652, 0.165942, 
a701v, 0.178951, 0.184358, 
t716i, 0.0868395, 0.00796973, 
s982a, 0.611365, -0.238594, 
d1118h, -0.155505, 0.228109, 
