mutation, x, y, z mutation, x, y, z
moderna, -0.102735, -0.096048,  moderna, -0.168864, -0.0252662, 
pfizer, 0.0727485, -0.205737,  pfizer, -0.189781, -0.346124, 
chadox1, 0.187885, -0.218717,  chadox1, -0.0765703, 0.0830215, 
l18f, 0.112717, 0.116432,  l18f, 0.146363, -0.105829, 
69-70d, 0.10568, 0.112783,  69-70d, 0.131861, -0.159166, 
d80a, -0.118665, 0.0836434,  d80a, 0.116965, -0.0374128, 
144d, -0.0183683, 0.216843,  144d, -0.550326, -0.0951612, 
d215g, -0.0113291, 0.206932,  d215g, 0.160508, 0.109451, 
242-244d, 0.442219, 0.101187,  242-244d, -0.81059, -0.209234, 
r246i, 0.315943, -0.0371833,  r246i, 0.123378, -0.423161, 
k417n, 0.186421, -0.0267687,  k417n, -0.455895, -0.187269, 
e484k, 0.0547123, 0.930787,  e484k, -0.526882, 0.925078, 
n501y, -0.30917, 0.0294863,  n501y, -0.366439, 0.197843, 
a570d, -0.0779016, -0.123536,  a570d, -0.00351542, -0.122291, 
p681h, 0.0820652, 0.165942,  p681h, -0.499867, 0.103262, 
a701v, 0.178951, 0.184358,  a701v, -0.568142, 0.196023, 
t716i, 0.0868395, 0.00796973,  t716i, 0.0894164, -0.202091, 
s982a, 0.611365, -0.238594,  s982a, 0.300552, 0.508697, 
d1118h, -0.155505, 0.228109,  d1118h, 0.171517, 0.211997, 
