mutation, mutation, antigenicity, +-, mutation, antigenicity, +-
69-70d, 69-70d, 0.0731505, 0.00585709, 69-70d, 0.0952681, 0.0719252
144d, 144d, 0.0906512, 0.00453037, 144d, 0.211062, 0.11834
n501y, n501y, 0.0998992, 0.00344066, n501y+k417n, 0.363625, 0.320794 n501y+k417t, -0.234684, 0.208285 n501y, 0.384289, 0.0533924 n501y+e484k, -0.185216, 0.136969
a570d, a570d, -0.146779, 0.00283348, a570d, 0.138849, 0.122001
p681h, p681h, 0.0873653, 0.00412188, p681h, 0.146346, 0.101875
t716i, t716i, -0.0530714, 0.00831377, t716i, 0.141012, 0.130967
s982a, s982a, 0.202864, 0.00279803, s982a, 0.145496, 0.1397
d1118h, d1118h, 0.101264, 0.00172539, d1118h, 0.105285, 0.0783858
