strain, x, y, z
moderna, -0.102735, -0.096048, 
pfizer, 0.0727485, -0.205737, 
chadox1, 0.187885, -0.218717, 
uk_d8, 0.325005, 0.399003, 
uk_69-70d, 0.10568, 0.112783, 
uk_144d, -0.0183683, 0.216843, 
uk_n501y, -0.30917, 0.0294863, 
uk_a570d, -0.0779016, -0.123536, 
uk_p681h, 0.0820652, 0.165942, 
uk_t716i, 0.0868395, 0.00796973, 
uk_s982a, 0.611365, -0.238594, 
uk_d1118h, -0.155505, 0.228109, 
sa_d9, 0.851799, 1.58887, 
sa_l18f, 0.112717, 0.116432, 
sa_d80a, -0.118665, 0.0836434, 
sa_d215g, -0.0113291, 0.206932, 
sa_242-244d, 0.442219, 0.101187, 
sa_r246i, 0.315943, -0.0371833, 
sa_k417n, 0.186421, -0.0267687, 
sa_e484k, 0.0547123, 0.930787, 
sa_n501y, -0.30917, 0.0294863, 
sa_a701v, 0.178951, 0.184358, 
