mutation, x, y, z
l18f, -0.144901, -0.339224, 
t19r, 0.227693, 0.137708, 
t20n, 0.120916, 0.162427, 
p26s, -0.180874, -0.0306349, 
69-70d, 0.0347886, -0.128647, 
d80a, -0.119267, 0.0623148, 
t95i, 0.0493416, -0.0483293, 
d138y, 0.0682922, 0.212858, 
g142d, -0.198227, 0.0713252, 
144d, -0.0120644, -0.0870391, 
e154k, 0.0806818, 0.185966, 
d156-157, -0.054405, -0.0866937, 
r190s, 0.21663, -0.17854, 
d215g, -0.0393118, -0.129613, 
a222v, 0.367586, 0.309429, 
242-244d, -0.139453, -0.199202, 
r246i, -0.216943, -0.0707336, 
s247r, 0.033059, -0.0309165, 
k417n, 0.0461215, -0.251899, 
k417t, 0.0284367, -0.138612, 
l452r, 0.0443506, -0.133175, 
t478k, -0.0256445, 0.29166, 
e484k, -0.125469, -0.244479, 
e484q, -0.00870251, -0.0956271, 
n501y, -0.189101, -0.0348471, 
a570d, 0.228674, 0.00278248, 
d614g, -0.108804, -0.0113474, 
h655y, 0.0316753, -0.207169, 
p681r, -0.123632, 0.0790364, 
p681h, 0.264028, -0.2949, 
a701v, -0.0389859, -0.151527, 
t716i, 0.0636511, -0.0369951, 
d950n, 0.202664, -0.0310211, 
s982a, 0.174594, 0.0770734, 
t1027i, -0.0923056, 0.0444618, 
q1071h, -0.248163, -0.212955, 
d1118h, -0.120879, 0.0619525, 
v1176f, -0.182862, 0.0647346, 
