mutation, x, y, z
vaccine, 0.218441, -0.0642019, -0.174069, 
l18f, 0.364862, -0.352686, 0.349684, 
t19r, -0.0176868, 0.0875347, 0.0413731, 
t20n, 0.162364, -0.0592883, 0.0636446, 
p26s, 0.156729, -0.0135374, 0.0571898, 
69-70d, 0.0141654, 0.195386, 0.291672, 
d80a, -0.00614213, -0.0747714, 0.316282, 
t95i, 0.075662, -0.123712, -0.0299335, 
d138y, -0.00502482, -0.118225, 0.0585292, 
g142d, 0.251243, -0.138594, -0.0411787, 
144d, 0.0345912, -0.0128341, -0.0272682, 
e154k, 0.127907, -0.0356999, -0.0328383, 
d156-157, -0.207221, 0.0857681, 0.0471545, 
r190s, 0.0155762, -0.127376, 0.0544473, 
d215g, -0.118906, -0.0939098, 0.170247, 
a222v, 0.0206993, -0.00772492, 0.0384577, 
242-244d, -0.0513687, -0.488771, 0.0832858, 
r246i, 0.205722, -0.308092, 0.0967463, 
s247r, 0.145636, 0.0318071, -0.295039, 
k417n, 0.180427, -0.431674, 0.114477, 
k417t, 0.240022, -0.3144, -0.110339, 
l452r, -0.0836792, -0.0721975, -0.00250027, 
t478k, -0.0101308, 0.0810903, 0.0351586, 
e484q, 0.0246562, -0.127642, -0.0344236, 
e484k, -0.87051, -0.285391, 0.132568, 
n501y, 0.0182533, -0.204385, 0.0241296, 
a570d, 0.19418, 0.0135978, 0.349243, 
d614g, -0.766984, 0.0240246, 0.38967, 
h655y, 0.139495, 0.0827496, 0.0617124, 
p681r, 0.0330564, -0.096806, 0.0128581, 
p681h, 0.0908389, 0.0158643, -0.335931, 
a701v, 0.0492109, -0.5206, 0.0490165, 
t716i, 0.168285, 0.023772, 0.198735, 
d950n, -0.1177, -0.0880979, 0.0555607, 
s982a, -0.215669, -0.433156, -0.32449, 
t1027i, 0.0727151, -0.0430584, 0.0662647, 
q1071h, 0.0937484, -0.146585, -0.0474666, 
d1118h, -0.0307659, -0.0589567, -0.332083, 
v1176f, 0.211734, -0.261388, -0.187884, 
