strain, x, y, z
victoria, 0.199517, 0.0536744, -0.00551075, 
b.1.1.7, -0.251046, 0.255341, -0.10476, 
b.1.351, -0.583429, 0.249571, -1.03321, 
p.1, -0.0238623, 0.16179, -0.775741, 
b.1.617.1-pv, 0.1925, 0.40024, -0.401592, 
b.1.617.2, -0.158566, -0.2955, 0.378949, 
