strain, x, y, z
victoria, 0.145636, 0.0318071, -0.295039, 
b.1.1.7, -0.493105, -0.436687, 0.233677, 
b.1.351, -0.995436, -2.73626, 1.72611, 
p.1, -0.260767, -1.67296, 0.959616, 
b.1.617.1-pv, -0.24439, -0.717211, 0.214187, 
b.1.617.2, -1.14965, 0.0135913, 0.617732, 
wuhan-n501y, 0.0182533, -0.204385, 0.0241296, 
wuhan-e484k, -0.87051, -0.285391, 0.132568, 
b.1.1.7-e484k, -1.38187, -0.517693, 0.342116, 
b.1.1.7ntd-e484k, -0.821754, -0.102839, 0.396972, 
b.1.1.7ntd-n501y, 0.0670098, -0.021833, 0.288534, 
b.1.351-e484k, -1.19412, -2.1002, 1.5875, 
b.1.351-n501y, -0.305353, -2.01919, 1.47906, 
b.1.351ntd-e484k, -0.476343, -1.60362, 1.14881, 
p.1-n501y, 0.369722, -1.07317, 0.937387, 
p.1-e484k, -0.519042, -1.15418, 1.04583, 
bristol, -1.36362, -0.722078, 0.366245, 
d614g, -0.766984, 0.0240246, 0.38967, 
p.2, -1.42576, -0.522754, 0.334353, 
moderna, 0.218441, -0.0642019, -0.174069, 
pfizer, 0.218441, -0.0642019, -0.174069, 
chadox1, 0.218441, -0.0642019, -0.174069, 
uk_d8, 0.273879, -0.460712, -0.155992, 
uk_69-70d, 0.0141654, 0.195386, 0.291672, 
uk_144d, 0.0345912, -0.0128341, -0.0272682, 
uk_n501y, 0.0182533, -0.204385, 0.0241296, 
uk_a570d, 0.19418, 0.0135978, 0.349243, 
uk_p681h, 0.0908389, 0.0158643, -0.335931, 
uk_t716i, 0.168285, 0.023772, 0.198735, 
uk_s982a, -0.215669, -0.433156, -0.32449, 
uk_d1118h, -0.0307659, -0.0589567, -0.332083, 
sa_d9, -0.228452, -2.76028, 1.33644, 
sa_l18f, 0.364862, -0.352686, 0.349684, 
sa_d80a, -0.00614213, -0.0747714, 0.316282, 
sa_d215g, -0.118906, -0.0939098, 0.170247, 
sa_242-244d, -0.0513687, -0.488771, 0.0832858, 
sa_r246i, 0.205722, -0.308092, 0.0967463, 
sa_k417n, 0.180427, -0.431674, 0.114477, 
sa_e484k, -0.87051, -0.285391, 0.132568, 
sa_n501y, 0.0182533, -0.204385, 0.0241296, 
sa_a701v, 0.0492109, -0.5206, 0.0490165, 
ng, -0.586557, -0.407649, 0.504147, 
kyg, -1.61924, -0.465752, 0.546367, 
kyng, -1.43881, -0.897426, 0.660845, 
