strain, x, y, z
victoria, 0.033059, -0.0309165, 
b.1.1.7, 0.334887, -0.451967, 
b.1.351, -1.07611, -1.37056, 
p.1, -0.558366, -0.700372, 
b.1.617.1-pv, -0.513154, -0.165107, 
b.1.617.2, 0.529808, 0.555596, 
