strain, x, y, z
victoria, -0.240103, 0.229424, -0.415166, 
b.1.1.7, -0.237613, 0.428826, -0.275224, 
b.1.351, -1.80516, 0.248982, 0.27422, 
p.1, -1.39006, -0.0234819, 0.594707, 
b.1.617.1-pv, -0.538473, 0.154222, -0.165703, 
b.1.617.2, 0.981315, 0.55157, 0.695314, 
moderna, -0.226644, 0.221262, -0.372037, 
pfizer, -0.202886, 0.105335, -0.295135, 
chadox1, -0.25117, -0.0121449, -0.18196, 
wuhan-n501y, -0.361119, 0.439674, -0.0284237, 
wuhan-e484k, -0.524929, 0.771529, -0.256282, 
b.1.1.7-e484k, -0.401422, 0.760681, -0.503082, 
b.1.1.7ntd-e484k, -0.13424, 0.724976, -0.0129885, 
b.1.1.7ntd-n501y, 0.0295691, 0.393122, 0.21487, 
b.1.351-e484k, -1.12109, -0.273438, 0.463607, 
b.1.351-n501y, -0.957281, -0.605292, 0.691466, 
b.1.351ntd-e484k, -0.851165, 0.197216, 0.214245, 
p.1-n501y, -0.754676, -0.785006, 0.773299, 
p.1-e484k, -0.918486, -0.453151, 0.545441, 
d614g, 0.16549, -0.609219, 0.459403, 
p.2, -0.228286, -0.85473, -0.224079, 
bristol, -0.762541, 1.20035, -0.531506, 
uk_d8, -0.403103, 1.03804, -0.734627, 
uk_69-70d, 0.222373, -0.0691874, 0.173483, 
uk_144d, 0.168316, 0.0226348, 0.0698103, 
uk_n501y, -0.361119, 0.439674, -0.0284237, 
uk_a570d, 0.022705, 0.217891, 0.0923377, 
uk_p681h, -0.179124, 0.22042, -0.415361, 
uk_t716i, 0.0249389, 0.0919847, -0.0163157, 
uk_s982a, -0.0717831, -0.110649, -0.250354, 
uk_d1118h, -0.229409, 0.225276, -0.359804, 
sa_d9, -1.97065, 0.858201, -0.185183, 
sa_l18f, -0.212867, -0.215548, 0.0746341, 
sa_d80a, -0.0989404, 0.322056, -0.0561314, 
sa_d215g, -0.401272, 0.0478831, -0.112384, 
sa_242-244d, 0.288837, -0.38449, 0.301082, 
sa_r246i, 0.0980068, -0.344213, 0.263326, 
sa_k417n, -0.322948, 0.0827459, -0.160964, 
sa_e484k, -0.524929, 0.771529, -0.256282, 
sa_n501y, -0.361119, 0.439674, -0.0284237, 
sa_a701v, -0.435416, 0.138565, -0.21004, 
